<?xml version="1.0" encoding="UTF-8"?>
<TransXChange xmlns="http://www.transxchange.org.uk/" xmlns:xsi="http://www.w3.org/2001/XMLSchema-instance" xsi:schemaLocation="http://www.transxchange.org.uk/ http://www.transxchange.org.uk/schema/2.4/TransXChange_general.xsd" CreationDateTime="2025-08-28T09:57:21.688Z" ModificationDateTime="2025-08-28T09:57:21.688Z" Modification="new" RevisionNumber="1" SchemaVersion="2.4">
<ServicedOrganisations>
<ServicedOrganisation>
<OrganisationCode>MDEM</OrganisationCode>
<Name>midland Group</Name>
<WorkingDays>
<DateRange>
<StartDate>2025-08-28</StartDate>
<EndDate>2025-12-31</EndDate>
</DateRange>
</WorkingDays>
</ServicedOrganisation>
</ServicedOrganisations>
<Operators>
<Operator id="MDEM">
<OperatorCode>MDEM</OperatorCode>
<OperatorShortName>MDEM</OperatorShortName>
<OperatorNameOnLicence>midland Group</OperatorNameOnLicence>
<TradingName>midland Group</TradingName>
<LicenceNumber>PB0002138</LicenceNumber>
</Operator>
</Operators>
<StopPoints>
<StopPoint>
<StopPointRef>id_1756374949042_apj1gsiwj</StopPointRef>
<CommonName>Angel Row</CommonName>
<LocalityName>Local Area</LocalityName>
<GridLocation>
<Easting>320150</Easting>
<Northing>5994803</Northing>
</GridLocation>
</StopPoint>
<StopPoint>
<StopPointRef>id_1756374958698_q4q7oc7ro</StopPointRef>
<CommonName>Morrisons</CommonName>
<LocalityName>Local Area</LocalityName>
<GridLocation>
<Easting>326058</Easting>
<Northing>5995566</Northing>
</GridLocation>
</StopPoint>
<StopPoint>
<StopPointRef>id_1756374985650_jv579xzjx</StopPointRef>
<CommonName>Sherwood Shops</CommonName>
<LocalityName>Local Area</LocalityName>
<GridLocation>
<Easting>320618</Easting>
<Northing>5998022</Northing>
</GridLocation>
</StopPoint>
</StopPoints>
<RouteSections>
<RouteSection id="ROUTE_STAFF_OUTBOUND_SECTION">
<RouteLink id="LINK_1">
<From><StopPointRef>id_1756374949042_apj1gsiwj</StopPointRef></From>
<To><StopPointRef>id_1756374958698_q4q7oc7ro</StopPointRef></To>
<Distance>1000</Distance>
</RouteLink>
<RouteLink id="LINK_2">
<From><StopPointRef>id_1756374958698_q4q7oc7ro</StopPointRef></From>
<To><StopPointRef>id_1756374985650_jv579xzjx</StopPointRef></To>
<Distance>1000</Distance>
</RouteLink>
</RouteSection>
</RouteSections>
<Routes>
<Route id="ROUTE_STAFF_OUTBOUND">
<RouteSectionRef>ROUTE_STAFF_OUTBOUND_SECTION</RouteSectionRef>
</Route>
</Routes>
<JourneyPatternSections>
<JourneyPatternSection id="ROUTE_STAFF_OUTBOUND_JPS">
<JourneyPatternTimingLink id="JPTL_1">
<From>
<StopPointRef>id_1756374949042_apj1gsiwj</StopPointRef>
<TimingStatus>timepoint</TimingStatus>
</From>
<To>
<StopPointRef>id_1756374958698_q4q7oc7ro</StopPointRef>
<TimingStatus>timepoint</TimingStatus>
</To>
<RouteLinkRef>LINK_1</RouteLinkRef>
<RunTime>PT5M</RunTime>
</JourneyPatternTimingLink>
<JourneyPatternTimingLink id="JPTL_2">
<From>
<StopPointRef>id_1756374958698_q4q7oc7ro</StopPointRef>
<TimingStatus>timepoint</TimingStatus>
</From>
<To>
<StopPointRef>id_1756374985650_jv579xzjx</StopPointRef>
<TimingStatus>timepoint</TimingStatus>
</To>
<RouteLinkRef>LINK_2</RouteLinkRef>
<RunTime>PT5M</RunTime>
</JourneyPatternTimingLink>
</JourneyPatternSection>
</JourneyPatternSections>
<JourneyPatterns>
<JourneyPattern id="ROUTE_STAFF_OUTBOUND_JP">
<RouteRef>ROUTE_STAFF_OUTBOUND</RouteRef>
<Direction>outbound</Direction>
<JourneyPatternSectionRefs>ROUTE_STAFF_OUTBOUND_JPS</JourneyPatternSectionRefs>
</JourneyPattern>
</JourneyPatterns>
<Services>
<Service>
<ServiceCode>SERVICE_STAFF</ServiceCode>
<PrivateCode>STAFF</PrivateCode>
<Lines>
<Line id="LINE_STAFF">
<LineName>STAFF</LineName>
<OutboundDescription>
<Description>Staff Shuttle</Description>
<Origin>Staff</Origin>
<Destination>Sherwood Shops</Destination>
</OutboundDescription>
<InboundDescription>
<Description>Staff Shuttle (Return)</Description>
<Origin>Sherwood Shops</Origin>
<Destination>Staff</Destination>
</InboundDescription>
</Line>
</Lines>
<OperatingPeriod>
<StartDate>2025-08-28</StartDate>
<EndDate>2025-12-31</EndDate>
</OperatingPeriod>
<OperatingProfile>
<RegularDayType>
<DaysOfWeek>
<Monday/><Tuesday/><Wednesday/><Thursday/><Friday/>
</DaysOfWeek>
</RegularDayType>
</OperatingProfile>
<VehicleJourneys>
<VehicleJourney>
<PrivateCode>VJ_STAFF_1</PrivateCode>
<VehicleJourneyCode>VJ_STAFF_1</VehicleJourneyCode>
<ServiceRef>SERVICE_STAFF</ServiceRef>
<LineRef>LINE_STAFF</LineRef>
<JourneyPatternRef>ROUTE_STAFF_OUTBOUND_JP</JourneyPatternRef>
<DepartureTime>06:00:00</DepartureTime>
<OperatorRef>MDEM</OperatorRef>
<VehicleJourneyTimingLinks>
<VehicleJourneyTimingLink>
<JourneyPatternTimingLinkRef>JPTL_1</JourneyPatternTimingLinkRef>
<RunTime>PT5M</RunTime>
</VehicleJourneyTimingLink>
<VehicleJourneyTimingLink>
<JourneyPatternTimingLinkRef>JPTL_2</JourneyPatternTimingLinkRef>
<RunTime>PT5M</RunTime>
</VehicleJourneyTimingLink>
</VehicleJourneyTimingLinks>
</VehicleJourney>
</VehicleJourneys>
<RegisteredOperatorRef>MDEM</RegisteredOperatorRef>
</Service>
</Services>
</TransXChange>