<?xml version="1.0" encoding="UTF-8"?>
<TransXChange xmlns="http://www.transxchange.org.uk/" xmlns:xsi="http://www.w3.org/2001/XMLSchema-instance" xsi:schemaLocation="http://www.transxchange.org.uk/ http://www.transxchange.org.uk/schema/2.4/TransXChange_general.xsd" CreationDateTime="2025-08-28T09:57:21.689Z" ModificationDateTime="2025-08-28T09:57:21.689Z" Modification="new" RevisionNumber="1" SchemaVersion="2.4">
<ServicedOrganisations>
<ServicedOrganisation>
<OrganisationCode>MDEM</OrganisationCode>
<Name>midland Group</Name>
<WorkingDays>
<DateRange>
<StartDate>2025-08-28</StartDate>
<EndDate>2025-12-31</EndDate>
</DateRange>
</WorkingDays>
</ServicedOrganisation>
</ServicedOrganisations>
<Operators>
<Operator id="MDEM">
<OperatorCode>MDEM</OperatorCode>
<OperatorShortName>MDEM</OperatorShortName>
<OperatorNameOnLicence>midland Group</OperatorNameOnLicence>
<TradingName>midland Group</TradingName>
</Operator>
</Operators>
<VehicleJourneys>
<VehicleJourney>
<VehicleJourneyCode>VJ1</VehicleJourneyCode>
<ServiceRef>SERVICE_STAFF</ServiceRef>
<LineRef>LINE_STAFF</LineRef>
<JourneyPatternRef>ROUTE_STAFF_OUTBOUND_JP</JourneyPatternRef>
<DepartureTime>06:00:00</DepartureTime>
<OperatorRef>MDEM</OperatorRef>
<BlockRef>NST01</BlockRef>
</VehicleJourney>
</VehicleJourneys>
<VehicleBlocks>
<VehicleBlock>
<BlockId>NST01</BlockId>
<Description>NST01</Description>
<VehicleType>bus</VehicleType>
<StartLocation>Sherwood, The Old Bus Depot</StartLocation>
<BlockParts>
<BlockPart>
<PartSequenceNumber>1</PartSequenceNumber>
<VehicleJourneyRef>VJ1</VehicleJourneyRef>
</BlockPart>
</BlockParts>
</VehicleBlock>
</VehicleBlocks>
</TransXChange>